# ///////////////////////////////////////////////////////////////////////////////////////////////////////////////////////////////////////////////////////////////////////////




#  ******************************************************************  INSERTIONS TABLE CLIENT *****************************************************************************************

insert into Client (ID_client, nom_complet, email, telephone, adresse, mot_de_passe) values (1, 'Woodman Welsh', 'wwelsh0@scientificamerican.com', '840-607-7741', '0707 Di Loreto Drive', 'U37InjE');
insert into Client (ID_client, nom_complet, email, telephone, adresse, mot_de_passe) values (2, 'Glori Lorente', 'glorente1@hostgator.com', '804-540-3082', '26875 Brickson Park Alley', 'vvI16gaXc3');
insert into Client (ID_client, nom_complet, email, telephone, adresse, mot_de_passe) values (3, 'Ingar Burchatt', 'iburchatt2@foxnews.com', '498-460-9611', '25296 5th Terrace', 'EE2TZd03');
insert into Client (ID_client, nom_complet, email, telephone, adresse, mot_de_passe) values (4, 'Dulce Heathfield', 'dheathfield3@aol.com', '732-120-9675', '797 Tomscot Court', 'nf77SbUIV2x');
insert into Client (ID_client, nom_complet, email, telephone, adresse, mot_de_passe) values (5, 'Elaina Jenner', 'ejenner4@sciencedaily.com', '418-796-1092', '874 Forest Drive', 'Fpk9TQzoua');
insert into Client (ID_client, nom_complet, email, telephone, adresse, mot_de_passe) values (6, 'Pierson Ashbolt', 'pashbolt5@newsvine.com', '918-371-5939', '7 Golf Center', 'my2z53FRG0G8');
insert into Client (ID_client, nom_complet, email, telephone, adresse, mot_de_passe) values (7, 'Rice Launchbury', 'rlaunchbury6@vinaora.com', '283-949-5870', '992 Graceland Trail', '7oervm1p5F48');
insert into Client (ID_client, nom_complet, email, telephone, adresse, mot_de_passe) values (8, 'Yankee Skippen', 'yskippen7@examiner.com', '140-503-7191', '4 Park Meadow Court', 'BqvZb6xbT');
insert into Client (ID_client, nom_complet, email, telephone, adresse, mot_de_passe) values (9, 'Sisely Hamsson', 'shamsson8@blogspot.com', '378-216-0016', '125 Cody Way', 'AWxIbpo');
insert into Client (ID_client, nom_complet, email, telephone, adresse, mot_de_passe) values (10, 'Laurence Tudhope', 'ltudhope9@cocolog-nifty.com', '571-549-3058', '50 Butterfield Court', 'wU03egcVc');
insert into Client (ID_client, nom_complet, email, telephone, adresse, mot_de_passe) values (11, 'Vinny Molohan', 'vmolohana@kickstarter.com', '658-772-1892', '2 Algoma Avenue', 'Yj1VHEgJ');
insert into Client (ID_client, nom_complet, email, telephone, adresse, mot_de_passe) values (12, 'Amandy Sowood', 'asowoodb@etsy.com', '190-797-9594', '23401 Meadow Valley Pass', 'ILDyrxUROYKo');
insert into Client (ID_client, nom_complet, email, telephone, adresse, mot_de_passe) values (13, 'Rodrique Whitwham', 'rwhitwhamc@foxnews.com', '525-382-0970', '77981 Dapin Trail', 'T1vZm4Ca');
insert into Client (ID_client, nom_complet, email, telephone, adresse, mot_de_passe) values (14, 'Evangeline Ovenden', 'eovendend@smugmug.com', '111-446-3213', '98 Lien Pass', 'f4fDnPWRDCFB');
insert into Client (ID_client, nom_complet, email, telephone, adresse, mot_de_passe) values (15, 'Rabbi Laffoley-Lane', 'rlaffoleylanee@naver.com', '184-696-1396', '9983 Anniversary Parkway', 'QUvCuNbv7');
insert into Client (ID_client, nom_complet, email, telephone, adresse, mot_de_passe) values (16, 'Frankie Quartley', 'fquartleyf@cdbaby.com', '361-460-8486', '96101 Tony Park', 'sX5kL3k2WrJ');
insert into Client (ID_client, nom_complet, email, telephone, adresse, mot_de_passe) values (17, 'Langston Jesse', 'ljesseg@jigsy.com', '854-292-6491', '1170 High Crossing Parkway', 'X40TfeZwGW5');
insert into Client (ID_client, nom_complet, email, telephone, adresse, mot_de_passe) values (18, 'Rae Ubee', 'rubeeh@jiathis.com', '152-542-2003', '712 Truax Junction', 'VTKQNXtz');
insert into Client (ID_client, nom_complet, email, telephone, adresse, mot_de_passe) values (19, 'Theo Ber', 'tberi@buzzfeed.com', '914-782-8613', '02 Melby Terrace', 'DRZl2wdsy4v6');
insert into Client (ID_client, nom_complet, email, telephone, adresse, mot_de_passe) values (20, 'Annemarie O''Deegan', 'aodeeganj@wired.com', '497-938-6987', '59493 Rigney Way', 'ZiLz8l4N5DoG');
insert into Client (ID_client, nom_complet, email, telephone, adresse, mot_de_passe) values (21, 'Agretha Antonsson', 'aantonssonk@surveymonkey.com', '662-870-1819', '2724 Northview Place', '98ows4lsd');
insert into Client (ID_client, nom_complet, email, telephone, adresse, mot_de_passe) values (22, 'Mackenzie Cox', 'mcoxl@opensource.org', '974-595-3513', '96 Hoffman Pass', 'rcyCNa8');
insert into Client (ID_client, nom_complet, email, telephone, adresse, mot_de_passe) values (23, 'Cherida Pamment', 'cpammentm@oracle.com', '430-268-7627', '6 Drewry Trail', 'GdxHC5jaCf');
insert into Client (ID_client, nom_complet, email, telephone, adresse, mot_de_passe) values (24, 'Buiron Goodwyn', 'bgoodwynn@marriott.com', '454-337-4094', '75029 Cambridge Center', 'TKQDhsIH0Q');
insert into Client (ID_client, nom_complet, email, telephone, adresse, mot_de_passe) values (25, 'Randolph Ahrens', 'rahrenso@wufoo.com', '693-601-2253', '78127 Golden Leaf Park', '7R7wSG');
insert into Client (ID_client, nom_complet, email, telephone, adresse, mot_de_passe) values (26, 'Kippie McCritchie', 'kmccritchiep@mit.edu', '515-417-1469', '4 Canary Road', 'jixV5C0OlJC');
insert into Client (ID_client, nom_complet, email, telephone, adresse, mot_de_passe) values (27, 'Bobbe Capin', 'bcapinq@vimeo.com', '352-245-3579', '6134 Manitowish Trail', 'mwQ1RKKGMb6');
insert into Client (ID_client, nom_complet, email, telephone, adresse, mot_de_passe) values (28, 'Lazar Hewins', 'lhewinsr@nsw.gov.au', '294-202-8039', '66 Maple Lane', 'fLjohgmIwf2Y');
insert into Client (ID_client, nom_complet, email, telephone, adresse, mot_de_passe) values (29, 'Jackie Byham', 'jbyhams@unicef.org', '714-360-7002', '97561 5th Hill', 'I8wcm3gJ');
insert into Client (ID_client, nom_complet, email, telephone, adresse, mot_de_passe) values (30, 'Michal Metheringham', 'mmetheringhamt@google.cn', '322-973-3348', '000 Riverside Plaza', 'W9vAAm01W1z');
insert into Client (ID_client, nom_complet, email, telephone, adresse, mot_de_passe) values (31, 'Doro Strange', 'dstrangeu@live.com', '116-424-6426', '5 Manley Place', 'GbKU0g1I1yb');
insert into Client (ID_client, nom_complet, email, telephone, adresse, mot_de_passe) values (32, 'Kayle Docksey', 'kdockseyv@discovery.com', '457-869-5545', '4749 Daystar Way', 'SANetDkG1ZD');
insert into Client (ID_client, nom_complet, email, telephone, adresse, mot_de_passe) values (33, 'Mindy Giorgielli', 'mgiorgielliw@furl.net', '231-520-3793', '05 Kenwood Street', 'M6POgA3YK');
insert into Client (ID_client, nom_complet, email, telephone, adresse, mot_de_passe) values (34, 'Bibbye Coverdale', 'bcoverdalex@statcounter.com', '930-174-4581', '84145 Kensington Circle', 'diITvXSzJF');
insert into Client (ID_client, nom_complet, email, telephone, adresse, mot_de_passe) values (35, 'Audre Loveland', 'alovelandy@php.net', '637-784-7452', '4033 Oakridge Center', 'wIakep3RytA');
insert into Client (ID_client, nom_complet, email, telephone, adresse, mot_de_passe) values (36, 'Aurthur Oland', 'aolandz@mtv.com', '600-635-8017', '684 Florence Point', 's5VJ3QAOKSnu');
insert into Client (ID_client, nom_complet, email, telephone, adresse, mot_de_passe) values (37, 'Elijah Leneham', 'eleneham10@apache.org', '659-150-5739', '3 Talmadge Place', 'pdgNs5dps');
insert into Client (ID_client, nom_complet, email, telephone, adresse, mot_de_passe) values (38, 'Flynn Klug', 'fklug11@utexas.edu', '950-314-0974', '277 Brentwood Parkway', 'UG5iVlSQ');
insert into Client (ID_client, nom_complet, email, telephone, adresse, mot_de_passe) values (39, 'Reggy Houseago', 'rhouseago12@squarespace.com', '478-754-7742', '44624 Columbus Court', 'dTHUhvQ');
insert into Client (ID_client, nom_complet, email, telephone, adresse, mot_de_passe) values (40, 'Willi Pidgeon', 'wpidgeon13@redcross.org', '183-764-6640', '54637 Sunfield Place', 'Q8xU7JMxf');
insert into Client (ID_client, nom_complet, email, telephone, adresse, mot_de_passe) values (41, 'Emery Greenset', 'egreenset14@sakura.ne.jp', '786-479-4155', '74 Johnson Way', 'HJ3gzCmWpWer');
insert into Client (ID_client, nom_complet, email, telephone, adresse, mot_de_passe) values (42, 'Thia Dary', 'tdary15@ustream.tv', '711-139-7323', '4856 Armistice Park', 'jdbBGbCN');
insert into Client (ID_client, nom_complet, email, telephone, adresse, mot_de_passe) values (43, 'Hedy Riddick', 'hriddick16@nbcnews.com', '475-999-8250', '23660 Fairview Point', 'JDA72lGbYB');
insert into Client (ID_client, nom_complet, email, telephone, adresse, mot_de_passe) values (44, 'Rosanne Martinie', 'rmartinie17@google.com.au', '246-714-2151', '0 Sloan Junction', '7Oh03Mjyn9');
insert into Client (ID_client, nom_complet, email, telephone, adresse, mot_de_passe) values (45, 'Axe Pach', 'apach18@moonfruit.com', '750-703-9414', '5018 Fisk Crossing', 'V1Tzir');
insert into Client (ID_client, nom_complet, email, telephone, adresse, mot_de_passe) values (46, 'Archie McComiskie', 'amccomiskie19@flavors.me', '736-511-0963', '373 Manitowish Park', 'Wyrjxwid');
insert into Client (ID_client, nom_complet, email, telephone, adresse, mot_de_passe) values (47, 'Monty Puncher', 'mpuncher1a@elpais.com', '409-613-1076', '37 Barby Plaza', 'y3RM4TW');
insert into Client (ID_client, nom_complet, email, telephone, adresse, mot_de_passe) values (48, 'Diannne Agett', 'dagett1b@jugem.jp', '958-145-4543', '858 Namekagon Court', 'sPcZlxZ6P');
insert into Client (ID_client, nom_complet, email, telephone, adresse, mot_de_passe) values (49, 'Sisely Rappport', 'srappport1c@google.it', '740-102-3360', '9 Bonner Park', 'GtQFvYVYlPPJ');
insert into Client (ID_client, nom_complet, email, telephone, adresse, mot_de_passe) values (50, 'Waldemar Sail', 'wsail1d@thetimes.co.uk', '895-576-5507', '7 Esch Trail', 'amBns71SnX');
insert into Client (ID_client, nom_complet, email, telephone, adresse, mot_de_passe) values (51, 'Milton Wildblood', 'mwildblood1e@cpanel.net', '774-196-0924', '034 Everett Street', 'oFEiYe');
insert into Client (ID_client, nom_complet, email, telephone, adresse, mot_de_passe) values (52, 'Baxter Shout', 'bshout1f@abc.net.au', '250-657-8906', '239 Browning Junction', 'pTVfELU5yt1');
insert into Client (ID_client, nom_complet, email, telephone, adresse, mot_de_passe) values (53, 'Joni Youtead', 'jyoutead1g@cmu.edu', '771-711-9225', '8 Pepper Wood Court', '4hmpJdnOexnE');
insert into Client (ID_client, nom_complet, email, telephone, adresse, mot_de_passe) values (54, 'Eugenie Freda', 'efreda1h@ox.ac.uk', '265-963-7637', '74023 Rockefeller Pass', 'wkzzFm9Ei');
insert into Client (ID_client, nom_complet, email, telephone, adresse, mot_de_passe) values (55, 'Taffy Olyfat', 'tolyfat1i@mozilla.com', '492-145-2926', '26859 Coleman Alley', 'PXAULu5G');
insert into Client (ID_client, nom_complet, email, telephone, adresse, mot_de_passe) values (56, 'Gustie Rude', 'grude1j@elegantthemes.com', '161-188-8449', '7987 Summerview Terrace', 'KfgItYnA1');
insert into Client (ID_client, nom_complet, email, telephone, adresse, mot_de_passe) values (57, 'Aurore Spours', 'aspours1k@usatoday.com', '594-655-3814', '0 Old Gate Trail', 'j9lbNJm');
insert into Client (ID_client, nom_complet, email, telephone, adresse, mot_de_passe) values (58, 'Riordan Varns', 'rvarns1l@yelp.com', '483-570-8139', '16787 Kennedy Crossing', '6nTxN4');
insert into Client (ID_client, nom_complet, email, telephone, adresse, mot_de_passe) values (59, 'Jules Fatscher', 'jfatscher1m@opera.com', '483-572-7320', '8 Merrick Place', 'hX48GouwpH');
insert into Client (ID_client, nom_complet, email, telephone, adresse, mot_de_passe) values (60, 'Adria Nettle', 'anettle1n@pagesperso-orange.fr', '309-953-3774', '68805 Sundown Center', 'NM2uIFU');
insert into Client (ID_client, nom_complet, email, telephone, adresse, mot_de_passe) values (61, 'Kirsteni Howerd', 'khowerd1o@mozilla.org', '120-708-3446', '27319 Harper Crossing', '87ZLFy88u');
insert into Client (ID_client, nom_complet, email, telephone, adresse, mot_de_passe) values (62, 'Paxton MacAirt', 'pmacairt1p@illinois.edu', '831-515-8719', '07938 Northland Trail', 'PjymXzQU');
insert into Client (ID_client, nom_complet, email, telephone, adresse, mot_de_passe) values (63, 'Grange Kobiera', 'gkobiera1q@globo.com', '789-485-4326', '4945 Sunfield Junction', 'aDm2tuI');
insert into Client (ID_client, nom_complet, email, telephone, adresse, mot_de_passe) values (64, 'Lucas Trays', 'ltrays1r@pinterest.com', '612-801-4451', '84 Bashford Place', 'yQgWgEbM3ZU');
insert into Client (ID_client, nom_complet, email, telephone, adresse, mot_de_passe) values (65, 'Carilyn De la Yglesias', 'cde1s@artisteer.com', '502-150-7640', '0 Barby Lane', 'VQtvIOXpfB2');
insert into Client (ID_client, nom_complet, email, telephone, adresse, mot_de_passe) values (66, 'Abigael Brosetti', 'abrosetti1t@businessweek.com', '728-450-6472', '93637 Dapin Lane', 'LJF7FN2yXwMf');
insert into Client (ID_client, nom_complet, email, telephone, adresse, mot_de_passe) values (67, 'Coralie Dempster', 'cdempster1u@livejournal.com', '500-676-0856', '23983 Meadow Ridge Alley', 'NonCPn');
insert into Client (ID_client, nom_complet, email, telephone, adresse, mot_de_passe) values (68, 'Willy Poole', 'wpoole1v@netscape.com', '682-226-3189', '76 Southridge Plaza', 'qNEyRL8ijO0');
insert into Client (ID_client, nom_complet, email, telephone, adresse, mot_de_passe) values (69, 'Norean Runacres', 'nrunacres1w@mozilla.org', '712-446-1344', '388 Weeping Birch Way', 'GcEzcudoUhi');
insert into Client (ID_client, nom_complet, email, telephone, adresse, mot_de_passe) values (70, 'Loria Bertenshaw', 'lbertenshaw1x@toplist.cz', '657-801-7151', '2 Bellgrove Park', 'wZ26Cag');
insert into Client (ID_client, nom_complet, email, telephone, adresse, mot_de_passe) values (71, 'Skipp Ruskin', 'sruskin1y@yahoo.com', '483-137-2981', '662 Iowa Way', 'wjCpuxuW');
insert into Client (ID_client, nom_complet, email, telephone, adresse, mot_de_passe) values (72, 'Prescott Teffrey', 'pteffrey1z@house.gov', '257-980-0563', '68919 Crescent Oaks Pass', '0gv5BWo');
insert into Client (ID_client, nom_complet, email, telephone, adresse, mot_de_passe) values (73, 'Hillary Petrenko', 'hpetrenko20@gov.uk', '382-150-1954', '101 Riverside Street', 'b5v3NVxddHbL');
insert into Client (ID_client, nom_complet, email, telephone, adresse, mot_de_passe) values (74, 'Mickie Rozenzweig', 'mrozenzweig21@seesaa.net', '824-241-8706', '9895 Scott Park', '0gyeh4C');
insert into Client (ID_client, nom_complet, email, telephone, adresse, mot_de_passe) values (75, 'Reagen Clayhill', 'rclayhill22@upenn.edu', '762-335-3547', '609 Kim Trail', 'hg20cqD');
insert into Client (ID_client, nom_complet, email, telephone, adresse, mot_de_passe) values (76, 'Carley Finnes', 'cfinnes23@delicious.com', '116-856-2805', '321 Quincy Plaza', '0eFFw0GUIx');
insert into Client (ID_client, nom_complet, email, telephone, adresse, mot_de_passe) values (77, 'Zonnya Kendred', 'zkendred24@youku.com', '646-783-9835', '3514 Lien Lane', '5n4vFySe');
insert into Client (ID_client, nom_complet, email, telephone, adresse, mot_de_passe) values (78, 'Caldwell Idel', 'cidel25@xinhuanet.com', '323-891-8436', '8056 Alpine Road', 'sng7SOt');
insert into Client (ID_client, nom_complet, email, telephone, adresse, mot_de_passe) values (79, 'Prescott Schulter', 'pschulter26@foxnews.com', '537-645-0691', '5167 Cottonwood Crossing', 'VwNkhEHhWT');
insert into Client (ID_client, nom_complet, email, telephone, adresse, mot_de_passe) values (80, 'Pepita Frowd', 'pfrowd27@yolasite.com', '854-550-8982', '738 Nova Circle', 'NpcsNKUzi');
insert into Client (ID_client, nom_complet, email, telephone, adresse, mot_de_passe) values (81, 'Valerye Burlay', 'vburlay28@ycombinator.com', '866-957-4103', '5 Butternut Junction', 'P07WyE5QIaC');
insert into Client (ID_client, nom_complet, email, telephone, adresse, mot_de_passe) values (82, 'Alley Richel', 'arichel29@topsy.com', '656-624-3530', '863 Meadow Vale Alley', 'Wx7QUXX5ngVL');
insert into Client (ID_client, nom_complet, email, telephone, adresse, mot_de_passe) values (83, 'Etan Salzburg', 'esalzburg2a@clickbank.net', '522-960-4174', '422 Dawn Plaza', '9DloGC');
insert into Client (ID_client, nom_complet, email, telephone, adresse, mot_de_passe) values (84, 'Ximenez Shucksmith', 'xshucksmith2b@tumblr.com', '491-609-1815', '87372 Fremont Avenue', 'Znemiv');
insert into Client (ID_client, nom_complet, email, telephone, adresse, mot_de_passe) values (85, 'Maxie Lauga', 'mlauga2c@mozilla.com', '681-317-1894', '56 Dahle Point', 'PgbegXA');
insert into Client (ID_client, nom_complet, email, telephone, adresse, mot_de_passe) values (86, 'Cello Feragh', 'cferagh2d@w3.org', '539-218-8570', '68214 Erie Avenue', 'UIt4tD');
insert into Client (ID_client, nom_complet, email, telephone, adresse, mot_de_passe) values (87, 'Itch Leband', 'ileband2e@zdnet.com', '204-722-6645', '7196 Morrow Trail', 'Zrir8ihIFmZ');
insert into Client (ID_client, nom_complet, email, telephone, adresse, mot_de_passe) values (88, 'Rosa Wycherley', 'rwycherley2f@tinypic.com', '894-224-7155', '32 Pearson Point', 'axa89CRTQ');
insert into Client (ID_client, nom_complet, email, telephone, adresse, mot_de_passe) values (89, 'Gabrielle Bassill', 'gbassill2g@prlog.org', '244-664-3211', '9 Clove Road', 'PgDyY5DxDkiy');
insert into Client (ID_client, nom_complet, email, telephone, adresse, mot_de_passe) values (90, 'Doy Giacomello', 'dgiacomello2h@ca.gov', '952-428-3471', '204 Spaight Alley', '14zmGkY');
insert into Client (ID_client, nom_complet, email, telephone, adresse, mot_de_passe) values (91, 'Ancell Atto', 'aatto2i@elpais.com', '374-334-8303', '3540 Clove Junction', '7uvlNyNSF');
insert into Client (ID_client, nom_complet, email, telephone, adresse, mot_de_passe) values (92, 'Gwenora Jerwood', 'gjerwood2j@google.com', '933-181-2669', '9 Waxwing Terrace', 'UOWgW7A2yEm');
insert into Client (ID_client, nom_complet, email, telephone, adresse, mot_de_passe) values (93, 'Karena Crawley', 'kcrawley2k@who.int', '790-480-6994', '41 Birchwood Street', 'CRY6AdnIJO');
insert into Client (ID_client, nom_complet, email, telephone, adresse, mot_de_passe) values (94, 'Berty Lickorish', 'blickorish2l@imageshack.us', '780-977-7575', '4 Vidon Circle', '5LepTJ');
insert into Client (ID_client, nom_complet, email, telephone, adresse, mot_de_passe) values (95, 'Denis Thickin', 'dthickin2m@yahoo.co.jp', '894-534-3207', '9558 Northland Way', 'X1KIzJIN2x');
insert into Client (ID_client, nom_complet, email, telephone, adresse, mot_de_passe) values (96, 'Lara Bankes', 'lbankes2n@w3.org', '483-860-9931', '683 Portage Avenue', '1pp4XPA');
insert into Client (ID_client, nom_complet, email, telephone, adresse, mot_de_passe) values (97, 'Mordy Stenners', 'mstenners2o@google.com.br', '553-506-2493', '6 Goodland Street', 'rhR4uy');
insert into Client (ID_client, nom_complet, email, telephone, adresse, mot_de_passe) values (98, 'Filippa Benian', 'fbenian2p@etsy.com', '998-556-2705', '1 Hanover Parkway', '27qc2IOo7');
insert into Client (ID_client, nom_complet, email, telephone, adresse, mot_de_passe) values (99, 'Lissy Marchington', 'lmarchington2q@apple.com', '512-304-2626', '9778 Lake View Avenue', '3wQHx4L5');
insert into Client (ID_client, nom_complet, email, telephone, adresse, mot_de_passe) values (100, 'Vito Bussetti', 'vbussetti2r@ehow.com', '197-334-2259', '6402 Coolidge Way', 'NmPW0AGefqw');
select * from Client;


#  ******************************************************************  INSERTIONS TABLE PRODUIT *****************************************************************************************

insert into Produit (ID_produit, nom_du_produit, description, ID_typeProduit, prix) values (1, 'Air Huarache', 'Taille 10 - Femme', 1, 213);
insert into Produit (ID_produit, nom_du_produit, description, ID_typeProduit, prix) values (2, 'Air Jordan 7', 'Taille 11 - Femme', 2, 207);
insert into Produit (ID_produit, nom_du_produit, description, ID_typeProduit, prix) values (3, 'Air Jordan 6', 'Taille 9 - Homme', 3, 191);
insert into Produit (ID_produit, nom_du_produit, description, ID_typeProduit, prix) values (4, 'Air Max 90', 'Taille 6 - Homme', 4, 222);
insert into Produit (ID_produit, nom_du_produit, description, ID_typeProduit, prix) values (5, 'Kobe 5', 'Taille 12 - Femme', 5, 208);
insert into Produit (ID_produit, nom_du_produit, description, ID_typeProduit, prix) values (6, 'Air Max 90', 'Taille 11 - Femme', 6, 199);
insert into Produit (ID_produit, nom_du_produit, description, ID_typeProduit, prix) values (7, 'Air Jordan 6', 'Taille 8 - Homme', 7, 188);
insert into Produit (ID_produit, nom_du_produit, description, ID_typeProduit, prix) values (8, 'Air Jordan 6', 'Taille 12 - Femme', 8, 202);
insert into Produit (ID_produit, nom_du_produit, description, ID_typeProduit, prix) values (9, 'Air Max 97', 'Taille 6 - Femme', 9, 209);
insert into Produit (ID_produit, nom_du_produit, description, ID_typeProduit, prix) values (10, 'Air Max 95', 'Taille 12 - Homme', 10, 198);
insert into Produit (ID_produit, nom_du_produit, description, ID_typeProduit, prix) values (11, 'Air Max 95', 'Taille 5 - Homme', 11, 209);
insert into Produit (ID_produit, nom_du_produit, description, ID_typeProduit, prix) values (12, 'Air Jordan 3', 'Taille 12 - Femme', 12, 184);
insert into Produit (ID_produit, nom_du_produit, description, ID_typeProduit, prix) values (13, 'Air Max 97', 'Taille 10 - Femme', 13, 200);
insert into Produit (ID_produit, nom_du_produit, description, ID_typeProduit, prix) values (14, 'Air Max 95', 'Taille 7 - Homme', 14, 199);
insert into Produit (ID_produit, nom_du_produit, description, ID_typeProduit, prix) values (15, 'Air Mag', 'Taille 10 - Femme', 15, 221);
insert into Produit (ID_produit, nom_du_produit, description, ID_typeProduit, prix) values (16, 'Air Yeezy', 'Taille 12 - Homme', 16, 222);
insert into Produit (ID_produit, nom_du_produit, description, ID_typeProduit, prix) values (17, 'Air Max 95', 'Taille 9 - Homme', 17, 188);
insert into Produit (ID_produit, nom_du_produit, description, ID_typeProduit, prix) values (18, 'Air Jordan 3', 'Taille 8 - Femme', 18, 201);
insert into Produit (ID_produit, nom_du_produit, description, ID_typeProduit, prix) values (19, 'Air Yeezy', 'Taille 12 - Femme', 19, 187);
insert into Produit (ID_produit, nom_du_produit, description, ID_typeProduit, prix) values (20, 'Air Jordan 12', 'Taille 8 - Homme', 20, 200);
insert into Produit (ID_produit, nom_du_produit, description, ID_typeProduit, prix) values (21, 'Air Max 90', 'Taille 9 - Homme', 21, 187);
insert into Produit (ID_produit, nom_du_produit, description, ID_typeProduit, prix) values (22, 'Air Max 97', 'Taille 13 - Homme', 22, 216);
insert into Produit (ID_produit, nom_du_produit, description, ID_typeProduit, prix) values (23, 'Air Jordan 3', 'Taille 13 - Homme', 23, 213);
insert into Produit (ID_produit, nom_du_produit, description, ID_typeProduit, prix) values (24, 'Air Jordan 3', 'Taille 12 - Femme', 24, 202);
insert into Produit (ID_produit, nom_du_produit, description, ID_typeProduit, prix) values (25, 'Air Jordan 12', 'Taille 6 - Homme', 25, 199);
insert into Produit (ID_produit, nom_du_produit, description, ID_typeProduit, prix) values (26, 'Air Huarache', 'Taille 12 - Homme', 26, 193);
insert into Produit (ID_produit, nom_du_produit, description, ID_typeProduit, prix) values (27, 'Air Force 1', 'Taille 5 - Homme', 27, 194);
insert into Produit (ID_produit, nom_du_produit, description, ID_typeProduit, prix) values (28, 'Kobe 5', 'Taille 10 - Femme', 28, 199);
insert into Produit (ID_produit, nom_du_produit, description, ID_typeProduit, prix) values (29, 'Air Max 95', 'Taille 8 - Homme', 29, 207);
insert into Produit (ID_produit, nom_du_produit, description, ID_typeProduit, prix) values (30, 'Air Max 95', 'Taille 9 - Femme', 30, 202);
insert into Produit (ID_produit, nom_du_produit, description, ID_typeProduit, prix) values (31, 'Air Jordan 6', 'Taille 13 - Femme', 31, 196);
insert into Produit (ID_produit, nom_du_produit, description, ID_typeProduit, prix) values (32, 'Air Mag', 'Taille 5 - Femme', 32, 184);
insert into Produit (ID_produit, nom_du_produit, description, ID_typeProduit, prix) values (33, 'Air Jordan 7', 'Taille 10 - Homme', 33, 189);
insert into Produit (ID_produit, nom_du_produit, description, ID_typeProduit, prix) values (34, 'Air Jordan 3', 'Taille 6 - Femme', 34, 236);
insert into Produit (ID_produit, nom_du_produit, description, ID_typeProduit, prix) values (35, 'Air Max 97', 'Taille 13 - Femme', 35, 181);
insert into Produit (ID_produit, nom_du_produit, description, ID_typeProduit, prix) values (36, 'Air Max 90', 'Taille 8 - Homme', 36, 209);
insert into Produit (ID_produit, nom_du_produit, description, ID_typeProduit, prix) values (37, 'Air Force 1', 'Taille 8 - Femme', 37, 201);
insert into Produit (ID_produit, nom_du_produit, description, ID_typeProduit, prix) values (38, 'Air Jordan 6', 'Taille 7 - Femme', 38, 177);
insert into Produit (ID_produit, nom_du_produit, description, ID_typeProduit, prix) values (39, 'Air Jordan 7', 'Taille 11 - Femme', 39, 223);
insert into Produit (ID_produit, nom_du_produit, description, ID_typeProduit, prix) values (40, 'Air Yeezy', 'Taille 8 - Homme', 40, 208);
insert into Produit (ID_produit, nom_du_produit, description, ID_typeProduit, prix) values (41, 'Kobe 5', 'Taille 11 - Homme', 41, 212);
insert into Produit (ID_produit, nom_du_produit, description, ID_typeProduit, prix) values (42, 'Air Jordan 12', 'Taille 13 - Femme', 42, 204);
insert into Produit (ID_produit, nom_du_produit, description, ID_typeProduit, prix) values (43, 'Kobe 5', 'Taille 5 - Femme', 43, 215);
insert into Produit (ID_produit, nom_du_produit, description, ID_typeProduit, prix) values (44, 'Air Force 1', 'Taille 6 - Femme', 44, 206);
insert into Produit (ID_produit, nom_du_produit, description, ID_typeProduit, prix) values (45, 'Air Jordan 3', 'Taille 5 - Homme', 45, 200);
insert into Produit (ID_produit, nom_du_produit, description, ID_typeProduit, prix) values (46, 'Air Jordan 7', 'Taille 13 - Femme', 46, 201);
insert into Produit (ID_produit, nom_du_produit, description, ID_typeProduit, prix) values (47, 'Air Max 95', 'Taille 7 - Homme', 47, 184);
insert into Produit (ID_produit, nom_du_produit, description, ID_typeProduit, prix) values (48, 'Air Max 90', 'Taille 12 - Homme', 48, 222);
insert into Produit (ID_produit, nom_du_produit, description, ID_typeProduit, prix) values (49, 'Air Max 95', 'Taille 6 - Homme', 49, 209);
insert into Produit (ID_produit, nom_du_produit, description, ID_typeProduit, prix) values (50, 'Air Force 1', 'Taille 7 - Homme', 50, 175);
insert into Produit (ID_produit, nom_du_produit, description, ID_typeProduit, prix) values (51, 'Air Mag', 'Taille 7 - Femme', 51, 213);
insert into Produit (ID_produit, nom_du_produit, description, ID_typeProduit, prix) values (52, 'Air Force 1', 'Taille 12 - Homme', 52, 197);
insert into Produit (ID_produit, nom_du_produit, description, ID_typeProduit, prix) values (53, 'Air Huarache', 'Taille 13 - Homme', 53, 202);
insert into Produit (ID_produit, nom_du_produit, description, ID_typeProduit, prix) values (54, 'Air Jordan 12', 'Taille 5 - Femme', 54, 208);
insert into Produit (ID_produit, nom_du_produit, description, ID_typeProduit, prix) values (55, 'Air Jordan 7', 'Taille 12 - Homme', 55, 208);
insert into Produit (ID_produit, nom_du_produit, description, ID_typeProduit, prix) values (56, 'Air Jordan 6', 'Taille 9 - Femme', 56, 211);
insert into Produit (ID_produit, nom_du_produit, description, ID_typeProduit, prix) values (57, 'Air Max 90', 'Taille 13 - Femme', 57, 204);
insert into Produit (ID_produit, nom_du_produit, description, ID_typeProduit, prix) values (58, 'Air Force 1', 'Taille 9 - Femme', 58, 183);
insert into Produit (ID_produit, nom_du_produit, description, ID_typeProduit, prix) values (59, 'Air Jordan 3', 'Taille 7 - Homme', 59, 218);
insert into Produit (ID_produit, nom_du_produit, description, ID_typeProduit, prix) values (60, 'Kobe 5', 'Taille 5 - Femme', 60, 199);
insert into Produit (ID_produit, nom_du_produit, description, ID_typeProduit, prix) values (61, 'Air Force 1', 'Taille 12 - Femme', 61, 198);
insert into Produit (ID_produit, nom_du_produit, description, ID_typeProduit, prix) values (62, 'Air Yeezy', 'Taille 10 - Homme', 62, 198);
insert into Produit (ID_produit, nom_du_produit, description, ID_typeProduit, prix) values (63, 'Kobe 5', 'Taille 5 - Femme', 63, 191);
insert into Produit (ID_produit, nom_du_produit, description, ID_typeProduit, prix) values (64, 'Air Jordan 12', 'Taille 5 - Homme', 64, 216);
insert into Produit (ID_produit, nom_du_produit, description, ID_typeProduit, prix) values (65, 'Air Jordan 7', 'Taille 10 - Homme', 65, 196);
insert into Produit (ID_produit, nom_du_produit, description, ID_typeProduit, prix) values (66, 'Air Huarache', 'Taille 7 - Femme', 66, 217);
insert into Produit (ID_produit, nom_du_produit, description, ID_typeProduit, prix) values (67, 'Air Jordan 6', 'Taille 13 - Homme', 67, 249);
insert into Produit (ID_produit, nom_du_produit, description, ID_typeProduit, prix) values (68, 'Air Max 90', 'Taille 13 - Homme', 68, 210);
insert into Produit (ID_produit, nom_du_produit, description, ID_typeProduit, prix) values (69, 'Kobe 5', 'Taille 13 - Homme', 69, 223);
insert into Produit (ID_produit, nom_du_produit, description, ID_typeProduit, prix) values (70, 'Air Force 1', 'Taille 11 - Femme', 70, 215);
insert into Produit (ID_produit, nom_du_produit, description, ID_typeProduit, prix) values (71, 'Air Jordan 6', 'Taille 11 - Homme', 71, 216);
insert into Produit (ID_produit, nom_du_produit, description, ID_typeProduit, prix) values (72, 'Air Yeezy', 'Taille 12 - Homme', 72, 217);
insert into Produit (ID_produit, nom_du_produit, description, ID_typeProduit, prix) values (73, 'Air Yeezy', 'Taille 12 - Homme', 73, 230);
insert into Produit (ID_produit, nom_du_produit, description, ID_typeProduit, prix) values (74, 'Kobe 5', 'Taille 7 - Femme', 74, 198);
insert into Produit (ID_produit, nom_du_produit, description, ID_typeProduit, prix) values (75, 'Air Jordan 7', 'Taille 11 - Femme', 75, 205);
insert into Produit (ID_produit, nom_du_produit, description, ID_typeProduit, prix) values (76, 'Air Max 95', 'Taille 12 - Homme', 76, 206);
insert into Produit (ID_produit, nom_du_produit, description, ID_typeProduit, prix) values (77, 'Air Jordan 7', 'Taille 10 - Femme', 77, 197);
insert into Produit (ID_produit, nom_du_produit, description, ID_typeProduit, prix) values (78, 'Air Yeezy', 'Taille 12 - Homme', 78, 224);
insert into Produit (ID_produit, nom_du_produit, description, ID_typeProduit, prix) values (79, 'Air Huarache', 'Taille 9 - Femme', 79, 181);
insert into Produit (ID_produit, nom_du_produit, description, ID_typeProduit, prix) values (80, 'Air Jordan 6', 'Taille 7 - Femme', 80, 211);
insert into Produit (ID_produit, nom_du_produit, description, ID_typeProduit, prix) values (81, 'Air Force 1', 'Taille 13 - Homme', 81, 188);
insert into Produit (ID_produit, nom_du_produit, description, ID_typeProduit, prix) values (82, 'Air Jordan 3', 'Taille 13 - Homme', 82, 202);
insert into Produit (ID_produit, nom_du_produit, description, ID_typeProduit, prix) values (83, 'Air Jordan 6', 'Taille 5 - Femme', 83, 219);
insert into Produit (ID_produit, nom_du_produit, description, ID_typeProduit, prix) values (84, 'Air Mag', 'Taille 12 - Homme', 84, 192);
insert into Produit (ID_produit, nom_du_produit, description, ID_typeProduit, prix) values (85, 'Air Jordan 7', 'Taille 13 - Homme', 85, 169);
insert into Produit (ID_produit, nom_du_produit, description, ID_typeProduit, prix) values (86, 'Kobe 5', 'Taille 12 - Femme', 86, 193);
insert into Produit (ID_produit, nom_du_produit, description, ID_typeProduit, prix) values (87, 'Air Max 95', 'Taille 7 - Femme', 87, 197);
insert into Produit (ID_produit, nom_du_produit, description, ID_typeProduit, prix) values (88, 'Kobe 5', 'Taille 8 - Femme', 88, 245);
insert into Produit (ID_produit, nom_du_produit, description, ID_typeProduit, prix) values (89, 'Air Max 95', 'Taille 7 - Homme', 89, 203);
insert into Produit (ID_produit, nom_du_produit, description, ID_typeProduit, prix) values (90, 'Air Huarache', 'Taille 6 - Femme', 90, 183);
insert into Produit (ID_produit, nom_du_produit, description, ID_typeProduit, prix) values (91, 'Air Yeezy', 'Taille 11 - Femme', 91, 186);
insert into Produit (ID_produit, nom_du_produit, description, ID_typeProduit, prix) values (92, 'Air Force 1', 'Taille 8 - Femme', 92, 208);
insert into Produit (ID_produit, nom_du_produit, description, ID_typeProduit, prix) values (93, 'Air Mag', 'Taille 6 - Femme', 93, 203);
insert into Produit (ID_produit, nom_du_produit, description, ID_typeProduit, prix) values (94, 'Air Huarache', 'Taille 10 - Femme', 94, 223);
insert into Produit (ID_produit, nom_du_produit, description, ID_typeProduit, prix) values (95, 'Air Max 97', 'Taille 12 - Homme', 95, 213);
insert into Produit (ID_produit, nom_du_produit, description, ID_typeProduit, prix) values (96, 'Air Jordan 3', 'Taille 13 - Femme', 96, 203);
insert into Produit (ID_produit, nom_du_produit, description, ID_typeProduit, prix) values (97, 'Air Yeezy', 'Taille 10 - Homme', 97, 206);
insert into Produit (ID_produit, nom_du_produit, description, ID_typeProduit, prix) values (98, 'Air Jordan 3', 'Taille 8 - Homme', 98, 188);
insert into Produit (ID_produit, nom_du_produit, description, ID_typeProduit, prix) values (99, 'Kobe 5', 'Taille 13 - Femme', 99, 215);
insert into Produit (ID_produit, nom_du_produit, description, ID_typeProduit, prix) values (100, 'Kobe 5', 'Taille 5 - Femme', 100, 229);



#  ******************************************************************  INSERTIONS TABLE PANIER *****************************************************************************************

# - Panier est specifique a un seul clientID = un panier par client.
# Change le ID-Client et ID-PRODUIT manuellement pour faire plusieurs INSERT et arriver a 200 records.
# Remarque , ID-Commande NOT DECLARED == AUTO_INCREMENT
insert into Panier (quantite, ID_client, ID_produit) SELECT RAND()*(3-1)+1, ID_Client, ID_Produit FROM Client C, Produit P
WHERE ID_Client between 95 and 99 AND ID_Produit between 75 and 99;

select * from Panier;


#  ******************************************************************  INSERTIONS TABLE COMMANDE  *****************************************************************************************

# Changer manuellement Prix Commande et statut avec plusiers INSERT pour avoir 200 tuples.
# Remarque , ID-Livraison NOT DECLARED == AUTO_INCREMENT
insert into Commande (ID_commande, prix_commande, statut_commande, ID_client) SELECT P.ID_commande, Pr.prix , RAND()*(1), P.ID_client from Panier P, Produit Pr;

select * from Commande;

#  ******************************************************************  INSERTIONS TABLE PAIEMENT  *****************************************************************************************
insert into Paiement (ID_paiement, mode_paiement, montant_total, ID_commande, ID_client) SELECT C.ID_Paiement, 'americanexpress', RAND()*(300-180)+180, C.ID_commande, C.ID_client FROM Commande C
WHERE ID_commande = 125;
insert into Paiement (ID_paiement, mode_paiement, montant_total, ID_commande, ID_client) SELECT C.ID_Paiement, 'VISA', RAND()*(300-180)+180, C.ID_commande, C.ID_client FROM Commande C, Produit P
WHERE ID_Client = 97 ;
insert into Paiement (ID_paiement, mode_paiement, montant_total, ID_commande, ID_client) SELECT C.ID_Paiement, 'mastercard', RAND()*(300-180)+180, C.ID_commande, C.ID_client FROM Commande C
WHERE ID_Client = 98;

select * from Paiement;
select SUM(P.quantite*Pr.prix) AS Total from Produit Pr, Panier P;

#  ******************************************************************  INSERTIONS TABLE LIVRAISON *****************************************************************************************
# ID_Livraison est AUTO_INCREMENT + PRIMARY KEY, donc a ne pas declarer :
# toutes les visa avec statut 0
insert into Livraison (date_livraison, statut_livraison, ID_commande, ID_paiement)
SELECT CURDATE() + 5 , 0, C.ID_commande, PA.ID_paiement FROM Commande C, Paiement PA WHERE C.ID_commande = PA.ID_commande
AND PA.mode_paiement = 'visa';

# toutes les mastercard avec statut 1
insert into Livraison (date_livraison, statut_livraison, ID_commande, ID_paiement)
SELECT CURDATE() + 5 , 1, C.ID_commande, PA.ID_paiement FROM Commande C, Paiement PA WHERE C.ID_commande = PA.ID_commande
AND PA.mode_paiement = 'mastercard';

# toutes les americanexpress avec statut 2
insert into Livraison (date_livraison, statut_livraison, ID_commande, ID_paiement)
SELECT CURDATE() + 5 , 2, C.ID_commande, PA.ID_paiement FROM Commande C, Paiement PA WHERE C.ID_commande = PA.ID_commande
AND PA.mode_paiement = 'americanexpress';

select * from Livraison;






































































# # Updates table to create relation between type of product and their names
# update Produit
# set ID_typeProduit = (CASE
#                   WHEN nom_du_produit = 'Air Huarache'
#                     THEN 0001
#                   WHEN nom_du_produit = 'Air Force 1'
#                     THEN 0002
#                   WHEN nom_du_produit = 'Air Max 90'
#                     THEN 0003
#                      WHEN nom_du_produit = 'Air Mag'
#                     THEN 0004
#                   WHEN nom_du_produit = 'Air Yeezy'
#                     THEN 0005
#                   WHEN nom_du_produit = 'Air Jordan 3'
#                     THEN 0006
#                      WHEN nom_du_produit = 'Air Jordan 6'
#                     THEN 0007
#                   WHEN nom_du_produit = 'Air Jordan 12'
#                     THEN 0008
#                   WHEN nom_du_produit = 'Air Max 97'
#                     THEN 0009
#                      WHEN nom_du_produit = 'Kobe 5'
#                     THEN 0010
#                   WHEN nom_du_produit = 'Air Jordan 7'
#                     THEN 0011
#                   WHEN nom_du_produit = 'Air Max 95'
#                     THEN 0012
#                 END);
# select * from Produit;
# # delete  from Produit;  #deletes all data in the table rows
#
#
# #  ******************************************************************  INSERTIONS TABLE PANIER *****************************************************************************************
#
# # SET FOREIGN_KEY_CHECKS=0;    // DO NOT ENABLE ON YOUR VALID DATABASE, USE ON TEST DB
# insert into Panier (quantite, ID_client, ID_produit, ID_commande) values (1000, 1, 1, 1);
# insert into Panier (quantite, ID_client, ID_produit, ID_commande) values (1000, 2, 2, 2);
# insert into Panier (quantite, ID_client, ID_produit, ID_commande) values (1000, 3, 3, 3);
# insert into Panier (quantite, ID_client, ID_produit, ID_commande) values (1000, 4, 4, 4);
# insert into Panier (quantite, ID_client, ID_produit, ID_commande) values (1000, 5, 5, 5);
# insert into Panier (quantite, ID_client, ID_produit, ID_commande) values (1000, 6, 6, 6);
# insert into Panier (quantite, ID_client, ID_produit, ID_commande) values (1000, 7, 7, 7);
# insert into Panier (quantite, ID_client, ID_produit, ID_commande) values (1000, 8, 8, 8);
# insert into Panier (quantite, ID_client, ID_produit, ID_commande) values (1000, 9, 9, 9);
# insert into Panier (quantite, ID_client, ID_produit, ID_commande) values (1000, 10, 10, 10);
# insert into Panier (quantite, ID_client, ID_produit, ID_commande) values (1000, 11, 11, 11);
# insert into Panier (quantite, ID_client, ID_produit, ID_commande) values (1000, 12, 12, 12);
# insert into Panier (quantite, ID_client, ID_produit, ID_commande) values (1000, 13, 13, 13);
# insert into Panier (quantite, ID_client, ID_produit, ID_commande) values (1000, 14, 14, 14);
# insert into Panier (quantite, ID_client, ID_produit, ID_commande) values (1000, 15, 15, 15);
# insert into Panier (quantite, ID_client, ID_produit, ID_commande) values (1000, 16, 16, 16);
# insert into Panier (quantite, ID_client, ID_produit, ID_commande) values (1000, 17, 17, 17);
# insert into Panier (quantite, ID_client, ID_produit, ID_commande) values (1000, 18, 18, 18);
# insert into Panier (quantite, ID_client, ID_produit, ID_commande) values (1000, 19, 19, 19);
# insert into Panier (quantite, ID_client, ID_produit, ID_commande) values (1000, 20, 20, 20);
# insert into Panier (quantite, ID_client, ID_produit, ID_commande) values (1000, 21, 21, 21);
# insert into Panier (quantite, ID_client, ID_produit, ID_commande) values (1000, 22, 22, 22);
# insert into Panier (quantite, ID_client, ID_produit, ID_commande) values (1000, 23, 23, 23);
# insert into Panier (quantite, ID_client, ID_produit, ID_commande) values (1000, 24, 24, 24);
# insert into Panier (quantite, ID_client, ID_produit, ID_commande) values (1000, 25, 25, 25);
# insert into Panier (quantite, ID_client, ID_produit, ID_commande) values (1000, 26, 26, 26);
# insert into Panier (quantite, ID_client, ID_produit, ID_commande) values (1000, 27, 27, 27);
# insert into Panier (quantite, ID_client, ID_produit, ID_commande) values (1000, 28, 28, 28);
# insert into Panier (quantite, ID_client, ID_produit, ID_commande) values (1000, 29, 29, 29);
# insert into Panier (quantite, ID_client, ID_produit, ID_commande) values (1000, 30, 30, 30);
# insert into Panier (quantite, ID_client, ID_produit, ID_commande) values (1000, 31, 31, 31);
# insert into Panier (quantite, ID_client, ID_produit, ID_commande) values (1000, 32, 32, 32);
# insert into Panier (quantite, ID_client, ID_produit, ID_commande) values (1000, 33, 33, 33);
# insert into Panier (quantite, ID_client, ID_produit, ID_commande) values (1000, 34, 34, 34);
# insert into Panier (quantite, ID_client, ID_produit, ID_commande) values (1000, 35, 35, 35);
# insert into Panier (quantite, ID_client, ID_produit, ID_commande) values (1000, 36, 36, 36);
# insert into Panier (quantite, ID_client, ID_produit, ID_commande) values (1000, 37, 37, 37);
# insert into Panier (quantite, ID_client, ID_produit, ID_commande) values (1000, 38, 38, 38);
# insert into Panier (quantite, ID_client, ID_produit, ID_commande) values (1000, 39, 39, 39);
# insert into Panier (quantite, ID_client, ID_produit, ID_commande) values (1000, 40, 40, 40);
# insert into Panier (quantite, ID_client, ID_produit, ID_commande) values (1000, 41, 41, 41);
# insert into Panier (quantite, ID_client, ID_produit, ID_commande) values (1000, 42, 42, 42);
# insert into Panier (quantite, ID_client, ID_produit, ID_commande) values (1000, 43, 43, 43);
# insert into Panier (quantite, ID_client, ID_produit, ID_commande) values (1000, 44, 44, 44);
# insert into Panier (quantite, ID_client, ID_produit, ID_commande) values (1000, 45, 45, 45);
# insert into Panier (quantite, ID_client, ID_produit, ID_commande) values (1000, 46, 46, 46);
# insert into Panier (quantite, ID_client, ID_produit, ID_commande) values (1000, 47, 47, 47);
# insert into Panier (quantite, ID_client, ID_produit, ID_commande) values (1000, 48, 48, 48);
# insert into Panier (quantite, ID_client, ID_produit, ID_commande) values (1000, 49, 49, 49);
# insert into Panier (quantite, ID_client, ID_produit, ID_commande) values (1000, 50, 50, 50);
# insert into Panier (quantite, ID_client, ID_produit, ID_commande) values (1000, 51, 51, 51);
# insert into Panier (quantite, ID_client, ID_produit, ID_commande) values (1000, 52, 52, 52);
# insert into Panier (quantite, ID_client, ID_produit, ID_commande) values (1000, 53, 53, 53);
# insert into Panier (quantite, ID_client, ID_produit, ID_commande) values (1000, 54, 54, 54);
# insert into Panier (quantite, ID_client, ID_produit, ID_commande) values (1000, 55, 55, 55);
# insert into Panier (quantite, ID_client, ID_produit, ID_commande) values (1000, 56, 56, 56);
# insert into Panier (quantite, ID_client, ID_produit, ID_commande) values (1000, 57, 57, 57);
# insert into Panier (quantite, ID_client, ID_produit, ID_commande) values (1000, 58, 58, 58);
# insert into Panier (quantite, ID_client, ID_produit, ID_commande) values (1000, 59, 59, 59);
# insert into Panier (quantite, ID_client, ID_produit, ID_commande) values (1000, 60, 60, 60);
# insert into Panier (quantite, ID_client, ID_produit, ID_commande) values (1000, 61, 61, 61);
# insert into Panier (quantite, ID_client, ID_produit, ID_commande) values (1000, 62, 62, 62);
# insert into Panier (quantite, ID_client, ID_produit, ID_commande) values (1000, 63, 63, 63);
# insert into Panier (quantite, ID_client, ID_produit, ID_commande) values (1000, 64, 64, 64);
# insert into Panier (quantite, ID_client, ID_produit, ID_commande) values (1000, 65, 65, 65);
# insert into Panier (quantite, ID_client, ID_produit, ID_commande) values (1000, 66, 66, 66);
# insert into Panier (quantite, ID_client, ID_produit, ID_commande) values (1000, 67, 67, 67);
# insert into Panier (quantite, ID_client, ID_produit, ID_commande) values (1000, 68, 68, 68);
# insert into Panier (quantite, ID_client, ID_produit, ID_commande) values (1000, 69, 69, 69);
# insert into Panier (quantite, ID_client, ID_produit, ID_commande) values (1000, 70, 70, 70);
# insert into Panier (quantite, ID_client, ID_produit, ID_commande) values (1000, 71, 71, 71);
# insert into Panier (quantite, ID_client, ID_produit, ID_commande) values (1000, 72, 72, 72);
# insert into Panier (quantite, ID_client, ID_produit, ID_commande) values (1000, 73, 73, 73);
# insert into Panier (quantite, ID_client, ID_produit, ID_commande) values (1000, 74, 74, 74);
# insert into Panier (quantite, ID_client, ID_produit, ID_commande) values (1000, 75, 75, 75);
# insert into Panier (quantite, ID_client, ID_produit, ID_commande) values (1000, 76, 76, 76);
# insert into Panier (quantite, ID_client, ID_produit, ID_commande) values (1000, 77, 77, 77);
# insert into Panier (quantite, ID_client, ID_produit, ID_commande) values (1000, 78, 78, 78);
# insert into Panier (quantite, ID_client, ID_produit, ID_commande) values (1000, 79, 79, 79);
# insert into Panier (quantite, ID_client, ID_produit, ID_commande) values (1000, 80, 80, 80);
# insert into Panier (quantite, ID_client, ID_produit, ID_commande) values (1000, 81, 81, 81);
# insert into Panier (quantite, ID_client, ID_produit, ID_commande) values (1000, 82, 82, 82);
# insert into Panier (quantite, ID_client, ID_produit, ID_commande) values (1000, 83, 83, 83);
# insert into Panier (quantite, ID_client, ID_produit, ID_commande) values (1000, 84, 84, 84);
# insert into Panier (quantite, ID_client, ID_produit, ID_commande) values (1000, 85, 85, 85);
# insert into Panier (quantite, ID_client, ID_produit, ID_commande) values (1000, 86, 86, 86);
# insert into Panier (quantite, ID_client, ID_produit, ID_commande) values (1000, 87, 87, 87);
# insert into Panier (quantite, ID_client, ID_produit, ID_commande) values (1000, 88, 88, 88);
# insert into Panier (quantite, ID_client, ID_produit, ID_commande) values (1000, 89, 89, 89);
# insert into Panier (quantite, ID_client, ID_produit, ID_commande) values (1000, 90, 90, 90);
# insert into Panier (quantite, ID_client, ID_produit, ID_commande) values (1000, 91, 91, 91);
# insert into Panier (quantite, ID_client, ID_produit, ID_commande) values (1000, 92, 92, 92);
# insert into Panier (quantite, ID_client, ID_produit, ID_commande) values (1000, 93, 93, 93);
# insert into Panier (quantite, ID_client, ID_produit, ID_commande) values (1000, 94, 94, 94);
# insert into Panier (quantite, ID_client, ID_produit, ID_commande) values (1000, 95, 95, 95);
# insert into Panier (quantite, ID_client, ID_produit, ID_commande) values (1000, 96, 96, 96);
# insert into Panier (quantite, ID_client, ID_produit, ID_commande) values (1000, 97, 97, 97);
# insert into Panier (quantite, ID_client, ID_produit, ID_commande) values (1000, 98, 98, 98);
# insert into Panier (quantite, ID_client, ID_produit, ID_commande) values (1000, 99, 99, 99);
# insert into Panier (quantite, ID_client, ID_produit, ID_commande) values (1000, 100, 100, 100);
# # SET FOREIGN_KEY_CHECKS=1;
#
#
# #  ******************************************************************  INSERTIONS TABLE COMMANDE  *****************************************************************************************
#
# # unlock tables ;  // J'ai LOCK la table panier pour changer la FK, unlock table ici pour pouvoir insert, ne pas executer si vous avez fait les tables en ordre
# # SET FOREIGN_KEY_CHECKS = 0;
# insert into Commande (ID_commande, prix_commande, statut_commande, ID_client, ID_paiement) values (1, 1745, 1, 1, 1);
# insert into Commande (ID_commande, prix_commande, statut_commande, ID_client, ID_paiement) values (2, 828, 1, 2, 2);
# insert into Commande (ID_commande, prix_commande, statut_commande, ID_client, ID_paiement) values (3, 1384, 1, 3, 3);
# insert into Commande (ID_commande, prix_commande, statut_commande, ID_client, ID_paiement) values (4, 478, 0, 4, 4);
# insert into Commande (ID_commande, prix_commande, statut_commande, ID_client, ID_paiement) values (5, 475, 1, 5, 5);
# insert into Commande (ID_commande, prix_commande, statut_commande, ID_client, ID_paiement) values (6, 1176, 0, 6, 6);
# insert into Commande (ID_commande, prix_commande, statut_commande, ID_client, ID_paiement) values (7, 745, 0, 7, 7);
# insert into Commande (ID_commande, prix_commande, statut_commande, ID_client, ID_paiement) values (8, 626, 1, 8, 8);
# insert into Commande (ID_commande, prix_commande, statut_commande, ID_client, ID_paiement) values (9, 1297, 0, 9, 9);
# insert into Commande (ID_commande, prix_commande, statut_commande, ID_client, ID_paiement) values (10, 1554, 0, 10, 10);
# insert into Commande (ID_commande, prix_commande, statut_commande, ID_client, ID_paiement) values (11, 769, 1, 11, 11);
# insert into Commande (ID_commande, prix_commande, statut_commande, ID_client, ID_paiement) values (12, 276, 0, 12, 12);
# insert into Commande (ID_commande, prix_commande, statut_commande, ID_client, ID_paiement) values (13, 1257, 1, 13, 13);
# insert into Commande (ID_commande, prix_commande, statut_commande, ID_client, ID_paiement) values (14, 1597, 0, 14, 14);
# insert into Commande (ID_commande, prix_commande, statut_commande, ID_client, ID_paiement) values (15, 513, 0, 15, 15);
# insert into Commande (ID_commande, prix_commande, statut_commande, ID_client, ID_paiement) values (16, 1967, 0, 16, 16);
# insert into Commande (ID_commande, prix_commande, statut_commande, ID_client, ID_paiement) values (17, 264, 0, 17, 17);
# insert into Commande (ID_commande, prix_commande, statut_commande, ID_client, ID_paiement) values (18, 1651, 1, 18, 18);
# insert into Commande (ID_commande, prix_commande, statut_commande, ID_client, ID_paiement) values (19, 229, 1, 19, 19);
# insert into Commande (ID_commande, prix_commande, statut_commande, ID_client, ID_paiement) values (20, 1338, 1, 20, 20);
# insert into Commande (ID_commande, prix_commande, statut_commande, ID_client, ID_paiement) values (21, 376, 1, 21, 21);
# insert into Commande (ID_commande, prix_commande, statut_commande, ID_client, ID_paiement) values (22, 854, 1, 22, 22);
# insert into Commande (ID_commande, prix_commande, statut_commande, ID_client, ID_paiement) values (23, 1299, 0, 23, 23);
# insert into Commande (ID_commande, prix_commande, statut_commande, ID_client, ID_paiement) values (24, 627, 0, 24, 24);
# insert into Commande (ID_commande, prix_commande, statut_commande, ID_client, ID_paiement) values (25, 1561, 1, 25, 25);
# insert into Commande (ID_commande, prix_commande, statut_commande, ID_client, ID_paiement) values (26, 1786, 0, 26, 26);
# insert into Commande (ID_commande, prix_commande, statut_commande, ID_client, ID_paiement) values (27, 1239, 1, 27, 27);
# insert into Commande (ID_commande, prix_commande, statut_commande, ID_client, ID_paiement) values (28, 274, 1, 28, 28);
# insert into Commande (ID_commande, prix_commande, statut_commande, ID_client, ID_paiement) values (29, 1101, 0, 29, 29);
# insert into Commande (ID_commande, prix_commande, statut_commande, ID_client, ID_paiement) values (30, 1876, 1, 30, 30);
# insert into Commande (ID_commande, prix_commande, statut_commande, ID_client, ID_paiement) values (31, 1814, 1, 31, 31);
# insert into Commande (ID_commande, prix_commande, statut_commande, ID_client, ID_paiement) values (32, 1021, 1, 32, 32);
# insert into Commande (ID_commande, prix_commande, statut_commande, ID_client, ID_paiement) values (33, 1019, 1, 33, 33);
# insert into Commande (ID_commande, prix_commande, statut_commande, ID_client, ID_paiement) values (34, 826, 0, 34, 34);
# insert into Commande (ID_commande, prix_commande, statut_commande, ID_client, ID_paiement) values (35, 1650, 0, 35, 35);
# insert into Commande (ID_commande, prix_commande, statut_commande, ID_client, ID_paiement) values (36, 683, 0, 36, 36);
# insert into Commande (ID_commande, prix_commande, statut_commande, ID_client, ID_paiement) values (37, 1900, 0, 37, 37);
# insert into Commande (ID_commande, prix_commande, statut_commande, ID_client, ID_paiement) values (38, 725, 1, 38, 38);
# insert into Commande (ID_commande, prix_commande, statut_commande, ID_client, ID_paiement) values (39, 1612, 0, 39, 39);
# insert into Commande (ID_commande, prix_commande, statut_commande, ID_client, ID_paiement) values (40, 994, 0, 40, 40);
# insert into Commande (ID_commande, prix_commande, statut_commande, ID_client, ID_paiement) values (41, 1111, 0, 41, 41);
# insert into Commande (ID_commande, prix_commande, statut_commande, ID_client, ID_paiement) values (42, 463, 1, 42, 42);
# insert into Commande (ID_commande, prix_commande, statut_commande, ID_client, ID_paiement) values (43, 230, 1, 43, 43);
# insert into Commande (ID_commande, prix_commande, statut_commande, ID_client, ID_paiement) values (44, 222, 0, 44, 44);
# insert into Commande (ID_commande, prix_commande, statut_commande, ID_client, ID_paiement) values (45, 1375, 0, 45, 45);
# insert into Commande (ID_commande, prix_commande, statut_commande, ID_client, ID_paiement) values (46, 1209, 0, 46, 46);
# insert into Commande (ID_commande, prix_commande, statut_commande, ID_client, ID_paiement) values (47, 1846, 0, 47, 47);
# insert into Commande (ID_commande, prix_commande, statut_commande, ID_client, ID_paiement) values (48, 1830, 1, 48, 48);
# insert into Commande (ID_commande, prix_commande, statut_commande, ID_client, ID_paiement) values (49, 1637, 0, 49, 49);
# insert into Commande (ID_commande, prix_commande, statut_commande, ID_client, ID_paiement) values (50, 1091, 0, 50, 50);
# insert into Commande (ID_commande, prix_commande, statut_commande, ID_client, ID_paiement) values (51, 1198, 0, 51, 51);
# insert into Commande (ID_commande, prix_commande, statut_commande, ID_client, ID_paiement) values (52, 1245, 0, 52, 52);
# insert into Commande (ID_commande, prix_commande, statut_commande, ID_client, ID_paiement) values (53, 846, 1, 53, 53);
# insert into Commande (ID_commande, prix_commande, statut_commande, ID_client, ID_paiement) values (54, 1143, 1, 54, 54);
# insert into Commande (ID_commande, prix_commande, statut_commande, ID_client, ID_paiement) values (55, 1768, 1, 55, 55);
# insert into Commande (ID_commande, prix_commande, statut_commande, ID_client, ID_paiement) values (56, 1630, 0, 56, 56);
# insert into Commande (ID_commande, prix_commande, statut_commande, ID_client, ID_paiement) values (57, 624, 1, 57, 57);
# insert into Commande (ID_commande, prix_commande, statut_commande, ID_client, ID_paiement) values (58, 1412, 1, 58, 58);
# insert into Commande (ID_commande, prix_commande, statut_commande, ID_client, ID_paiement) values (59, 1746, 0, 59, 59);
# insert into Commande (ID_commande, prix_commande, statut_commande, ID_client, ID_paiement) values (60, 445, 0, 60, 60);
# insert into Commande (ID_commande, prix_commande, statut_commande, ID_client, ID_paiement) values (61, 1965, 0, 61, 61);
# insert into Commande (ID_commande, prix_commande, statut_commande, ID_client, ID_paiement) values (62, 551, 0, 62, 62);
# insert into Commande (ID_commande, prix_commande, statut_commande, ID_client, ID_paiement) values (63, 1065, 0, 63, 63);
# insert into Commande (ID_commande, prix_commande, statut_commande, ID_client, ID_paiement) values (64, 1212, 1, 64, 64);
# insert into Commande (ID_commande, prix_commande, statut_commande, ID_client, ID_paiement) values (65, 1042, 0, 65, 65);
# insert into Commande (ID_commande, prix_commande, statut_commande, ID_client, ID_paiement) values (66, 698, 1, 66, 66);
# insert into Commande (ID_commande, prix_commande, statut_commande, ID_client, ID_paiement) values (67, 1776, 0, 67, 67);
# insert into Commande (ID_commande, prix_commande, statut_commande, ID_client, ID_paiement) values (68, 271, 1, 68, 68);
# insert into Commande (ID_commande, prix_commande, statut_commande, ID_client, ID_paiement) values (69, 1168, 0, 69, 69);
# insert into Commande (ID_commande, prix_commande, statut_commande, ID_client, ID_paiement) values (70, 494, 0, 70, 70);
# insert into Commande (ID_commande, prix_commande, statut_commande, ID_client, ID_paiement) values (71, 1560, 1, 71, 71);
# insert into Commande (ID_commande, prix_commande, statut_commande, ID_client, ID_paiement) values (72, 1201, 0, 72, 72);
# insert into Commande (ID_commande, prix_commande, statut_commande, ID_client, ID_paiement) values (73, 884, 0, 73, 73);
# insert into Commande (ID_commande, prix_commande, statut_commande, ID_client, ID_paiement) values (74, 991, 1, 74, 74);
# insert into Commande (ID_commande, prix_commande, statut_commande, ID_client, ID_paiement) values (75, 259, 0, 75, 75);
# insert into Commande (ID_commande, prix_commande, statut_commande, ID_client, ID_paiement) values (76, 850, 0, 76, 76);
# insert into Commande (ID_commande, prix_commande, statut_commande, ID_client, ID_paiement) values (77, 740, 1, 77, 77);
# insert into Commande (ID_commande, prix_commande, statut_commande, ID_client, ID_paiement) values (78, 1525, 0, 78, 78);
# insert into Commande (ID_commande, prix_commande, statut_commande, ID_client, ID_paiement) values (79, 233, 1, 79, 79);
# insert into Commande (ID_commande, prix_commande, statut_commande, ID_client, ID_paiement) values (80, 1809, 0, 80, 80);
# insert into Commande (ID_commande, prix_commande, statut_commande, ID_client, ID_paiement) values (81, 1658, 0, 81, 81);
# insert into Commande (ID_commande, prix_commande, statut_commande, ID_client, ID_paiement) values (82, 1847, 1, 82, 82);
# insert into Commande (ID_commande, prix_commande, statut_commande, ID_client, ID_paiement) values (83, 389, 0, 83, 83);
# insert into Commande (ID_commande, prix_commande, statut_commande, ID_client, ID_paiement) values (84, 1488, 0, 84, 84);
# insert into Commande (ID_commande, prix_commande, statut_commande, ID_client, ID_paiement) values (85, 939, 0, 85, 85);
# insert into Commande (ID_commande, prix_commande, statut_commande, ID_client, ID_paiement) values (86, 1472, 0, 86, 86);
# insert into Commande (ID_commande, prix_commande, statut_commande, ID_client, ID_paiement) values (87, 1549, 1, 87, 87);
# insert into Commande (ID_commande, prix_commande, statut_commande, ID_client, ID_paiement) values (88, 1736, 0, 88, 88);
# insert into Commande (ID_commande, prix_commande, statut_commande, ID_client, ID_paiement) values (89, 1591, 0, 89, 89);
# insert into Commande (ID_commande, prix_commande, statut_commande, ID_client, ID_paiement) values (90, 1683, 1, 90, 90);
# insert into Commande (ID_commande, prix_commande, statut_commande, ID_client, ID_paiement) values (91, 1622, 0, 91, 91);
# insert into Commande (ID_commande, prix_commande, statut_commande, ID_client, ID_paiement) values (92, 1450, 1, 92, 92);
# insert into Commande (ID_commande, prix_commande, statut_commande, ID_client, ID_paiement) values (93, 552, 1, 93, 93);
# insert into Commande (ID_commande, prix_commande, statut_commande, ID_client, ID_paiement) values (94, 1495, 1, 94, 94);
# insert into Commande (ID_commande, prix_commande, statut_commande, ID_client, ID_paiement) values (95, 304, 1, 95, 95);
# insert into Commande (ID_commande, prix_commande, statut_commande, ID_client, ID_paiement) values (96, 952, 0, 96, 96);
# insert into Commande (ID_commande, prix_commande, statut_commande, ID_client, ID_paiement) values (97, 1825, 1, 97, 97);
# insert into Commande (ID_commande, prix_commande, statut_commande, ID_client, ID_paiement) values (98, 1877, 1, 98, 98);
# insert into Commande (ID_commande, prix_commande, statut_commande, ID_client, ID_paiement) values (99, 1091, 0, 99, 99);
# insert into Commande (ID_commande, prix_commande, statut_commande, ID_client, ID_paiement) values (100, 1959, 0, 100, 100);
# # SET FOREIGN_KEY_CHECKS = 1;
#
#
# #  ******************************************************************  INSERTIONS TABLE PAIEMENT  *****************************************************************************************
#
#
# insert into Paiement (ID_paiement, mode_paiement, montant_total, ID_commande, ID_client) values (1, 'americanexpress', 630.85, 1, 1);
# insert into Paiement (ID_paiement, mode_paiement, montant_total, ID_commande, ID_client) values (2, 'mastercard', 407.54, 2, 2);
# insert into Paiement (ID_paiement, mode_paiement, montant_total, ID_commande, ID_client) values (3, 'americanexpress', 577.48, 3, 3);
# insert into Paiement (ID_paiement, mode_paiement, montant_total, ID_commande, ID_client) values (4, 'mastercard', 633.49, 4, 4);
# insert into Paiement (ID_paiement, mode_paiement, montant_total, ID_commande, ID_client) values (5, 'visa', 299.9, 5, 5);
# insert into Paiement (ID_paiement, mode_paiement, montant_total, ID_commande, ID_client) values (6, 'americanexpress', 625.16, 6, 6);
# insert into Paiement (ID_paiement, mode_paiement, montant_total, ID_commande, ID_client) values (7, 'visa', 294.63, 7, 7);
# insert into Paiement (ID_paiement, mode_paiement, montant_total, ID_commande, ID_client) values (8, 'americanexpress', 1021.62, 8, 8);
# insert into Paiement (ID_paiement, mode_paiement, montant_total, ID_commande, ID_client) values (9, 'americanexpress', 1646.76, 9, 9);
# insert into Paiement (ID_paiement, mode_paiement, montant_total, ID_commande, ID_client) values (10, 'americanexpress', 1539.73, 10, 10);
# insert into Paiement (ID_paiement, mode_paiement, montant_total, ID_commande, ID_client) values (11, 'americanexpress', 1556.69, 11, 11);
# insert into Paiement (ID_paiement, mode_paiement, montant_total, ID_commande, ID_client) values (12, 'mastercard', 1504.95, 12, 12);
# insert into Paiement (ID_paiement, mode_paiement, montant_total, ID_commande, ID_client) values (13, 'mastercard', 1064.11, 13, 13);
# insert into Paiement (ID_paiement, mode_paiement, montant_total, ID_commande, ID_client) values (14, 'visa', 451.63, 14, 14);
# insert into Paiement (ID_paiement, mode_paiement, montant_total, ID_commande, ID_client) values (15, 'visa', 1981.31, 15, 15);
# insert into Paiement (ID_paiement, mode_paiement, montant_total, ID_commande, ID_client) values (16, 'visa', 426.45, 16, 16);
# insert into Paiement (ID_paiement, mode_paiement, montant_total, ID_commande, ID_client) values (17, 'visa', 1702.06, 17, 17);
# insert into Paiement (ID_paiement, mode_paiement, montant_total, ID_commande, ID_client) values (18, 'americanexpress', 186.9, 18, 18);
# insert into Paiement (ID_paiement, mode_paiement, montant_total, ID_commande, ID_client) values (19, 'americanexpress', 892.59, 19, 19);
# insert into Paiement (ID_paiement, mode_paiement, montant_total, ID_commande, ID_client) values (20, 'visa', 1413.42, 20, 20);
# insert into Paiement (ID_paiement, mode_paiement, montant_total, ID_commande, ID_client) values (21, 'mastercard', 1346.52, 21, 21);
# insert into Paiement (ID_paiement, mode_paiement, montant_total, ID_commande, ID_client) values (22, 'americanexpress', 1395.88, 22, 22);
# insert into Paiement (ID_paiement, mode_paiement, montant_total, ID_commande, ID_client) values (23, 'visa', 1261.1, 23, 23);
# insert into Paiement (ID_paiement, mode_paiement, montant_total, ID_commande, ID_client) values (24, 'americanexpress', 1667.64, 24, 24);
# insert into Paiement (ID_paiement, mode_paiement, montant_total, ID_commande, ID_client) values (25, 'visa', 1597.51, 25, 25);
# insert into Paiement (ID_paiement, mode_paiement, montant_total, ID_commande, ID_client) values (26, 'mastercard', 1082.93, 26, 26);
# insert into Paiement (ID_paiement, mode_paiement, montant_total, ID_commande, ID_client) values (27, 'americanexpress', 984.38, 27, 27);
# insert into Paiement (ID_paiement, mode_paiement, montant_total, ID_commande, ID_client) values (28, 'americanexpress', 437.02, 28, 28);
# insert into Paiement (ID_paiement, mode_paiement, montant_total, ID_commande, ID_client) values (29, 'americanexpress', 735.48, 29, 29);
# insert into Paiement (ID_paiement, mode_paiement, montant_total, ID_commande, ID_client) values (30, 'americanexpress', 1842.81, 30, 30);
# insert into Paiement (ID_paiement, mode_paiement, montant_total, ID_commande, ID_client) values (31, 'mastercard', 698.22, 31, 31);
# insert into Paiement (ID_paiement, mode_paiement, montant_total, ID_commande, ID_client) values (32, 'americanexpress', 1483.97, 32, 32);
# insert into Paiement (ID_paiement, mode_paiement, montant_total, ID_commande, ID_client) values (33, 'americanexpress', 227.86, 33, 33);
# insert into Paiement (ID_paiement, mode_paiement, montant_total, ID_commande, ID_client) values (34, 'americanexpress', 897.21, 34, 34);
# insert into Paiement (ID_paiement, mode_paiement, montant_total, ID_commande, ID_client) values (35, 'mastercard', 1007.44, 35, 35);
# insert into Paiement (ID_paiement, mode_paiement, montant_total, ID_commande, ID_client) values (36, 'visa', 984.92, 36, 36);
# insert into Paiement (ID_paiement, mode_paiement, montant_total, ID_commande, ID_client) values (37, 'mastercard', 1598.53, 37, 37);
# insert into Paiement (ID_paiement, mode_paiement, montant_total, ID_commande, ID_client) values (38, 'americanexpress', 970.85, 38, 38);
# insert into Paiement (ID_paiement, mode_paiement, montant_total, ID_commande, ID_client) values (39, 'visa', 648.71, 39, 39);
# insert into Paiement (ID_paiement, mode_paiement, montant_total, ID_commande, ID_client) values (40, 'americanexpress', 1051.78, 40, 40);
# insert into Paiement (ID_paiement, mode_paiement, montant_total, ID_commande, ID_client) values (41, 'americanexpress', 1336.23, 41, 41);
# insert into Paiement (ID_paiement, mode_paiement, montant_total, ID_commande, ID_client) values (42, 'americanexpress', 595.16, 42, 42);
# insert into Paiement (ID_paiement, mode_paiement, montant_total, ID_commande, ID_client) values (43, 'visa', 1654.73, 43, 43);
# insert into Paiement (ID_paiement, mode_paiement, montant_total, ID_commande, ID_client) values (44, 'mastercard', 395.8, 44, 44);
# insert into Paiement (ID_paiement, mode_paiement, montant_total, ID_commande, ID_client) values (45, 'visa', 610.26, 45, 45);
# insert into Paiement (ID_paiement, mode_paiement, montant_total, ID_commande, ID_client) values (46, 'visa', 1352.53, 46, 46);
# insert into Paiement (ID_paiement, mode_paiement, montant_total, ID_commande, ID_client) values (47, 'visa', 1617.69, 47, 47);
# insert into Paiement (ID_paiement, mode_paiement, montant_total, ID_commande, ID_client) values (48, 'americanexpress', 1807.87, 48, 48);
# insert into Paiement (ID_paiement, mode_paiement, montant_total, ID_commande, ID_client) values (49, 'mastercard', 1277.4, 49, 49);
# insert into Paiement (ID_paiement, mode_paiement, montant_total, ID_commande, ID_client) values (50, 'mastercard', 1505.1, 50, 50);
# insert into Paiement (ID_paiement, mode_paiement, montant_total, ID_commande, ID_client) values (51, 'americanexpress', 1853.14, 51, 51);
# insert into Paiement (ID_paiement, mode_paiement, montant_total, ID_commande, ID_client) values (52, 'visa', 503.27, 52, 52);
# insert into Paiement (ID_paiement, mode_paiement, montant_total, ID_commande, ID_client) values (53, 'visa', 1163.41, 53, 53);
# insert into Paiement (ID_paiement, mode_paiement, montant_total, ID_commande, ID_client) values (54, 'americanexpress', 906.76, 54, 54);
# insert into Paiement (ID_paiement, mode_paiement, montant_total, ID_commande, ID_client) values (55, 'americanexpress', 822.86, 55, 55);
# insert into Paiement (ID_paiement, mode_paiement, montant_total, ID_commande, ID_client) values (56, 'mastercard', 1429.35, 56, 56);
# insert into Paiement (ID_paiement, mode_paiement, montant_total, ID_commande, ID_client) values (57, 'visa', 1932.2, 57, 57);
# insert into Paiement (ID_paiement, mode_paiement, montant_total, ID_commande, ID_client) values (58, 'americanexpress', 1905.36, 58, 58);
# insert into Paiement (ID_paiement, mode_paiement, montant_total, ID_commande, ID_client) values (59, 'americanexpress', 1220.16, 59, 59);
# insert into Paiement (ID_paiement, mode_paiement, montant_total, ID_commande, ID_client) values (60, 'visa', 511.26, 60, 60);
# insert into Paiement (ID_paiement, mode_paiement, montant_total, ID_commande, ID_client) values (61, 'americanexpress', 1586.66, 61, 61);
# insert into Paiement (ID_paiement, mode_paiement, montant_total, ID_commande, ID_client) values (62, 'americanexpress', 921.08, 62, 62);
# insert into Paiement (ID_paiement, mode_paiement, montant_total, ID_commande, ID_client) values (63, 'americanexpress', 1189.43, 63, 63);
# insert into Paiement (ID_paiement, mode_paiement, montant_total, ID_commande, ID_client) values (64, 'americanexpress', 452.34, 64, 64);
# insert into Paiement (ID_paiement, mode_paiement, montant_total, ID_commande, ID_client) values (65, 'americanexpress', 1857.84, 65, 65);
# insert into Paiement (ID_paiement, mode_paiement, montant_total, ID_commande, ID_client) values (66, 'americanexpress', 1523.39, 66, 66);
# insert into Paiement (ID_paiement, mode_paiement, montant_total, ID_commande, ID_client) values (67, 'americanexpress', 1047.74, 67, 67);
# insert into Paiement (ID_paiement, mode_paiement, montant_total, ID_commande, ID_client) values (68, 'mastercard', 1526.12, 68, 68);
# insert into Paiement (ID_paiement, mode_paiement, montant_total, ID_commande, ID_client) values (69, 'mastercard', 439.98, 69, 69);
# insert into Paiement (ID_paiement, mode_paiement, montant_total, ID_commande, ID_client) values (70, 'visa', 863.28, 70, 70);
# insert into Paiement (ID_paiement, mode_paiement, montant_total, ID_commande, ID_client) values (71, 'mastercard', 1205.72, 71, 71);
# insert into Paiement (ID_paiement, mode_paiement, montant_total, ID_commande, ID_client) values (72, 'mastercard', 1065.91, 72, 72);
# insert into Paiement (ID_paiement, mode_paiement, montant_total, ID_commande, ID_client) values (73, 'americanexpress', 498.87, 73, 73);
# insert into Paiement (ID_paiement, mode_paiement, montant_total, ID_commande, ID_client) values (74, 'mastercard', 1856.44, 74, 74);
# insert into Paiement (ID_paiement, mode_paiement, montant_total, ID_commande, ID_client) values (75, 'mastercard', 1411.24, 75, 75);
# insert into Paiement (ID_paiement, mode_paiement, montant_total, ID_commande, ID_client) values (76, 'visa', 809.33, 76, 76);
# insert into Paiement (ID_paiement, mode_paiement, montant_total, ID_commande, ID_client) values (77, 'americanexpress', 1420.88, 77, 77);
# insert into Paiement (ID_paiement, mode_paiement, montant_total, ID_commande, ID_client) values (78, 'visa', 1937.36, 78, 78);
# insert into Paiement (ID_paiement, mode_paiement, montant_total, ID_commande, ID_client) values (79, 'visa', 1846.44, 79, 79);
# insert into Paiement (ID_paiement, mode_paiement, montant_total, ID_commande, ID_client) values (80, 'mastercard', 1487.82, 80, 80);
# insert into Paiement (ID_paiement, mode_paiement, montant_total, ID_commande, ID_client) values (81, 'americanexpress', 1858.61, 81, 81);
# insert into Paiement (ID_paiement, mode_paiement, montant_total, ID_commande, ID_client) values (82, 'americanexpress', 334.28, 82, 82);
# insert into Paiement (ID_paiement, mode_paiement, montant_total, ID_commande, ID_client) values (83, 'americanexpress', 415.47, 83, 83);
# insert into Paiement (ID_paiement, mode_paiement, montant_total, ID_commande, ID_client) values (84, 'americanexpress', 982.48, 84, 84);
# insert into Paiement (ID_paiement, mode_paiement, montant_total, ID_commande, ID_client) values (85, 'americanexpress', 952.86, 85, 85);
# insert into Paiement (ID_paiement, mode_paiement, montant_total, ID_commande, ID_client) values (86, 'mastercard', 1301.93, 86, 86);
# insert into Paiement (ID_paiement, mode_paiement, montant_total, ID_commande, ID_client) values (87, 'mastercard', 602.17, 87, 87);
# insert into Paiement (ID_paiement, mode_paiement, montant_total, ID_commande, ID_client) values (88, 'mastercard', 715.64, 88, 88);
# insert into Paiement (ID_paiement, mode_paiement, montant_total, ID_commande, ID_client) values (89, 'americanexpress', 1819.36, 89, 89);
# insert into Paiement (ID_paiement, mode_paiement, montant_total, ID_commande, ID_client) values (90, 'mastercard', 1182.23, 90, 90);
# insert into Paiement (ID_paiement, mode_paiement, montant_total, ID_commande, ID_client) values (91, 'americanexpress', 452.0, 91, 91);
# insert into Paiement (ID_paiement, mode_paiement, montant_total, ID_commande, ID_client) values (92, 'visa', 560.11, 92, 92);
# insert into Paiement (ID_paiement, mode_paiement, montant_total, ID_commande, ID_client) values (93, 'americanexpress', 1791.11, 93, 93);
# insert into Paiement (ID_paiement, mode_paiement, montant_total, ID_commande, ID_client) values (94, 'mastercard', 1538.14, 94, 94);
# insert into Paiement (ID_paiement, mode_paiement, montant_total, ID_commande, ID_client) values (95, 'americanexpress', 447.22, 95, 95);
# insert into Paiement (ID_paiement, mode_paiement, montant_total, ID_commande, ID_client) values (96, 'americanexpress', 1979.91, 96, 96);
# insert into Paiement (ID_paiement, mode_paiement, montant_total, ID_commande, ID_client) values (97, 'americanexpress', 1222.18, 97, 97);
# insert into Paiement (ID_paiement, mode_paiement, montant_total, ID_commande, ID_client) values (98, 'americanexpress', 968.25, 98, 98);
# insert into Paiement (ID_paiement, mode_paiement, montant_total, ID_commande, ID_client) values (99, 'mastercard', 1606.2, 99, 99);
# insert into Paiement (ID_paiement, mode_paiement, montant_total, ID_commande, ID_client) values (100, 'mastercard', 1752.52, 100, 100);
#
#
# #  ******************************************************************  INSERTIONS TABLE LIVRAISON *****************************************************************************************
#
#
# insert into Livraison (ID_livraison, date_livraison, statut_livraison, ID_commande, ID_paiement) values (1, '2021-03-28', 0, 1, 1);
# insert into Livraison (ID_livraison, date_livraison, statut_livraison, ID_commande, ID_paiement) values (2, '2021-04-20', 1, 2, 2);
# insert into Livraison (ID_livraison, date_livraison, statut_livraison, ID_commande, ID_paiement) values (3, '2021-03-20', 1, 3, 3);
# insert into Livraison (ID_livraison, date_livraison, statut_livraison, ID_commande, ID_paiement) values (4, '2021-03-26', 1, 4, 4);
# insert into Livraison (ID_livraison, date_livraison, statut_livraison, ID_commande, ID_paiement) values (5, '2021-04-19', 1, 5, 5);
# insert into Livraison (ID_livraison, date_livraison, statut_livraison, ID_commande, ID_paiement) values (6, '2021-04-03', 1, 6, 6);
# insert into Livraison (ID_livraison, date_livraison, statut_livraison, ID_commande, ID_paiement) values (7, '2021-04-17', 0, 7, 7);
# insert into Livraison (ID_livraison, date_livraison, statut_livraison, ID_commande, ID_paiement) values (8, '2021-03-23', 1, 8, 8);
# insert into Livraison (ID_livraison, date_livraison, statut_livraison, ID_commande, ID_paiement) values (9, '2021-03-24', 1, 9, 9);
# insert into Livraison (ID_livraison, date_livraison, statut_livraison, ID_commande, ID_paiement) values (10, '2021-03-27', 1, 10, 10);
# insert into Livraison (ID_livraison, date_livraison, statut_livraison, ID_commande, ID_paiement) values (11, '2021-04-21', 1, 11, 11);
# insert into Livraison (ID_livraison, date_livraison, statut_livraison, ID_commande, ID_paiement) values (12, '2021-04-11', 0, 12, 12);
# insert into Livraison (ID_livraison, date_livraison, statut_livraison, ID_commande, ID_paiement) values (13, '2021-03-18', 1, 13, 13);
# insert into Livraison (ID_livraison, date_livraison, statut_livraison, ID_commande, ID_paiement) values (14, '2021-04-28', 1, 14, 14);
# insert into Livraison (ID_livraison, date_livraison, statut_livraison, ID_commande, ID_paiement) values (15, '2021-03-23', 1, 15, 15);
# insert into Livraison (ID_livraison, date_livraison, statut_livraison, ID_commande, ID_paiement) values (16, '2021-04-04', 0, 16, 16);
# insert into Livraison (ID_livraison, date_livraison, statut_livraison, ID_commande, ID_paiement) values (17, '2021-03-26', 0, 17, 17);
# insert into Livraison (ID_livraison, date_livraison, statut_livraison, ID_commande, ID_paiement) values (18, '2021-04-19', 0, 18, 18);
# insert into Livraison (ID_livraison, date_livraison, statut_livraison, ID_commande, ID_paiement) values (19, '2021-04-10', 0, 19, 19);
# insert into Livraison (ID_livraison, date_livraison, statut_livraison, ID_commande, ID_paiement) values (20, '2021-04-03', 1, 20, 20);
# insert into Livraison (ID_livraison, date_livraison, statut_livraison, ID_commande, ID_paiement) values (21, '2021-04-07', 1, 21, 21);
# insert into Livraison (ID_livraison, date_livraison, statut_livraison, ID_commande, ID_paiement) values (22, '2021-04-18', 1, 22, 22);
# insert into Livraison (ID_livraison, date_livraison, statut_livraison, ID_commande, ID_paiement) values (23, '2021-04-04', 1, 23, 23);
# insert into Livraison (ID_livraison, date_livraison, statut_livraison, ID_commande, ID_paiement) values (24, '2021-03-29', 0, 24, 24);
# insert into Livraison (ID_livraison, date_livraison, statut_livraison, ID_commande, ID_paiement) values (25, '2021-03-31', 0, 25, 25);
# insert into Livraison (ID_livraison, date_livraison, statut_livraison, ID_commande, ID_paiement) values (26, '2021-04-27', 1, 26, 26);
# insert into Livraison (ID_livraison, date_livraison, statut_livraison, ID_commande, ID_paiement) values (27, '2021-03-25', 1, 27, 27);
# insert into Livraison (ID_livraison, date_livraison, statut_livraison, ID_commande, ID_paiement) values (28, '2021-04-22', 0, 28, 28);
# insert into Livraison (ID_livraison, date_livraison, statut_livraison, ID_commande, ID_paiement) values (29, '2021-03-26', 0, 29, 29);
# insert into Livraison (ID_livraison, date_livraison, statut_livraison, ID_commande, ID_paiement) values (30, '2021-03-21', 0, 30, 30);
# insert into Livraison (ID_livraison, date_livraison, statut_livraison, ID_commande, ID_paiement) values (31, '2021-04-27', 0, 31, 31);
# insert into Livraison (ID_livraison, date_livraison, statut_livraison, ID_commande, ID_paiement) values (32, '2021-04-05', 1, 32, 32);
# insert into Livraison (ID_livraison, date_livraison, statut_livraison, ID_commande, ID_paiement) values (33, '2021-04-24', 0, 33, 33);
# insert into Livraison (ID_livraison, date_livraison, statut_livraison, ID_commande, ID_paiement) values (34, '2021-04-25', 1, 34, 34);
# insert into Livraison (ID_livraison, date_livraison, statut_livraison, ID_commande, ID_paiement) values (35, '2021-04-01', 1, 35, 35);
# insert into Livraison (ID_livraison, date_livraison, statut_livraison, ID_commande, ID_paiement) values (36, '2021-04-09', 1, 36, 36);
# insert into Livraison (ID_livraison, date_livraison, statut_livraison, ID_commande, ID_paiement) values (37, '2021-04-16', 0, 37, 37);
# insert into Livraison (ID_livraison, date_livraison, statut_livraison, ID_commande, ID_paiement) values (38, '2021-03-25', 0, 38, 38);
# insert into Livraison (ID_livraison, date_livraison, statut_livraison, ID_commande, ID_paiement) values (39, '2021-04-14', 1, 39, 39);
# insert into Livraison (ID_livraison, date_livraison, statut_livraison, ID_commande, ID_paiement) values (40, '2021-04-05', 1, 40, 40);
# insert into Livraison (ID_livraison, date_livraison, statut_livraison, ID_commande, ID_paiement) values (41, '2021-04-03', 0, 41, 41);
# insert into Livraison (ID_livraison, date_livraison, statut_livraison, ID_commande, ID_paiement) values (42, '2021-04-21', 0, 42, 42);
# insert into Livraison (ID_livraison, date_livraison, statut_livraison, ID_commande, ID_paiement) values (43, '2021-03-16', 1, 43, 43);
# insert into Livraison (ID_livraison, date_livraison, statut_livraison, ID_commande, ID_paiement) values (44, '2021-04-20', 0, 44, 44);
# insert into Livraison (ID_livraison, date_livraison, statut_livraison, ID_commande, ID_paiement) values (45, '2021-04-26', 1, 45, 45);
# insert into Livraison (ID_livraison, date_livraison, statut_livraison, ID_commande, ID_paiement) values (46, '2021-04-17', 1, 46, 46);
# insert into Livraison (ID_livraison, date_livraison, statut_livraison, ID_commande, ID_paiement) values (47, '2021-03-21', 1, 47, 47);
# insert into Livraison (ID_livraison, date_livraison, statut_livraison, ID_commande, ID_paiement) values (48, '2021-04-21', 1, 48, 48);
# insert into Livraison (ID_livraison, date_livraison, statut_livraison, ID_commande, ID_paiement) values (49, '2021-04-12', 0, 49, 49);
# insert into Livraison (ID_livraison, date_livraison, statut_livraison, ID_commande, ID_paiement) values (50, '2021-03-21', 0, 50, 50);
# insert into Livraison (ID_livraison, date_livraison, statut_livraison, ID_commande, ID_paiement) values (51, '2021-04-06', 0, 51, 51);
# insert into Livraison (ID_livraison, date_livraison, statut_livraison, ID_commande, ID_paiement) values (52, '2021-03-30', 0, 52, 52);
# insert into Livraison (ID_livraison, date_livraison, statut_livraison, ID_commande, ID_paiement) values (53, '2021-03-27', 0, 53, 53);
# insert into Livraison (ID_livraison, date_livraison, statut_livraison, ID_commande, ID_paiement) values (54, '2021-03-18', 0, 54, 54);
# insert into Livraison (ID_livraison, date_livraison, statut_livraison, ID_commande, ID_paiement) values (55, '2021-04-16', 0, 55, 55);
# insert into Livraison (ID_livraison, date_livraison, statut_livraison, ID_commande, ID_paiement) values (56, '2021-04-22', 0, 56, 56);
# insert into Livraison (ID_livraison, date_livraison, statut_livraison, ID_commande, ID_paiement) values (57, '2021-04-10', 1, 57, 57);
# insert into Livraison (ID_livraison, date_livraison, statut_livraison, ID_commande, ID_paiement) values (58, '2021-03-27', 1, 58, 58);
# insert into Livraison (ID_livraison, date_livraison, statut_livraison, ID_commande, ID_paiement) values (59, '2021-04-05', 1, 59, 59);
# insert into Livraison (ID_livraison, date_livraison, statut_livraison, ID_commande, ID_paiement) values (60, '2021-04-17', 1, 60, 60);
# insert into Livraison (ID_livraison, date_livraison, statut_livraison, ID_commande, ID_paiement) values (61, '2021-04-03', 1, 61, 61);
# insert into Livraison (ID_livraison, date_livraison, statut_livraison, ID_commande, ID_paiement) values (62, '2021-04-27', 0, 62, 62);
# insert into Livraison (ID_livraison, date_livraison, statut_livraison, ID_commande, ID_paiement) values (63, '2021-03-18', 0, 63, 63);
# insert into Livraison (ID_livraison, date_livraison, statut_livraison, ID_commande, ID_paiement) values (64, '2021-04-13', 1, 64, 64);
# insert into Livraison (ID_livraison, date_livraison, statut_livraison, ID_commande, ID_paiement) values (65, '2021-03-19', 0, 65, 65);
# insert into Livraison (ID_livraison, date_livraison, statut_livraison, ID_commande, ID_paiement) values (66, '2021-04-04', 1, 66, 66);
# insert into Livraison (ID_livraison, date_livraison, statut_livraison, ID_commande, ID_paiement) values (67, '2021-04-10', 0, 67, 67);
# insert into Livraison (ID_livraison, date_livraison, statut_livraison, ID_commande, ID_paiement) values (68, '2021-04-24', 1, 68, 68);
# insert into Livraison (ID_livraison, date_livraison, statut_livraison, ID_commande, ID_paiement) values (69, '2021-03-26', 0, 69, 69);
# insert into Livraison (ID_livraison, date_livraison, statut_livraison, ID_commande, ID_paiement) values (70, '2021-03-17', 0, 70, 70);
# insert into Livraison (ID_livraison, date_livraison, statut_livraison, ID_commande, ID_paiement) values (71, '2021-04-28', 0, 71, 71);
# insert into Livraison (ID_livraison, date_livraison, statut_livraison, ID_commande, ID_paiement) values (72, '2021-03-28', 0, 72, 72);
# insert into Livraison (ID_livraison, date_livraison, statut_livraison, ID_commande, ID_paiement) values (73, '2021-04-23', 1, 73, 73);
# insert into Livraison (ID_livraison, date_livraison, statut_livraison, ID_commande, ID_paiement) values (74, '2021-04-16', 0, 74, 74);
# insert into Livraison (ID_livraison, date_livraison, statut_livraison, ID_commande, ID_paiement) values (75, '2021-04-07', 1, 75, 75);
# insert into Livraison (ID_livraison, date_livraison, statut_livraison, ID_commande, ID_paiement) values (76, '2021-03-22', 0, 76, 76);
# insert into Livraison (ID_livraison, date_livraison, statut_livraison, ID_commande, ID_paiement) values (77, '2021-04-27', 0, 77, 77);
# insert into Livraison (ID_livraison, date_livraison, statut_livraison, ID_commande, ID_paiement) values (78, '2021-03-17', 0, 78, 78);
# insert into Livraison (ID_livraison, date_livraison, statut_livraison, ID_commande, ID_paiement) values (79, '2021-04-27', 1, 79, 79);
# insert into Livraison (ID_livraison, date_livraison, statut_livraison, ID_commande, ID_paiement) values (80, '2021-03-16', 0, 80, 80);
# insert into Livraison (ID_livraison, date_livraison, statut_livraison, ID_commande, ID_paiement) values (81, '2021-04-14', 0, 81, 81);
# insert into Livraison (ID_livraison, date_livraison, statut_livraison, ID_commande, ID_paiement) values (82, '2021-04-08', 0, 82, 82);
# insert into Livraison (ID_livraison, date_livraison, statut_livraison, ID_commande, ID_paiement) values (83, '2021-03-25', 1, 83, 83);
# insert into Livraison (ID_livraison, date_livraison, statut_livraison, ID_commande, ID_paiement) values (84, '2021-04-23', 1, 84, 84);
# insert into Livraison (ID_livraison, date_livraison, statut_livraison, ID_commande, ID_paiement) values (85, '2021-04-21', 1, 85, 85);
# insert into Livraison (ID_livraison, date_livraison, statut_livraison, ID_commande, ID_paiement) values (86, '2021-04-22', 0, 86, 86);
# insert into Livraison (ID_livraison, date_livraison, statut_livraison, ID_commande, ID_paiement) values (87, '2021-03-27', 1, 87, 87);
# insert into Livraison (ID_livraison, date_livraison, statut_livraison, ID_commande, ID_paiement) values (88, '2021-04-22', 1, 88, 88);
# insert into Livraison (ID_livraison, date_livraison, statut_livraison, ID_commande, ID_paiement) values (89, '2021-04-15', 0, 89, 89);
# insert into Livraison (ID_livraison, date_livraison, statut_livraison, ID_commande, ID_paiement) values (90, '2021-04-09', 0, 90, 90);
# insert into Livraison (ID_livraison, date_livraison, statut_livraison, ID_commande, ID_paiement) values (91, '2021-03-17', 0, 91, 91);
# insert into Livraison (ID_livraison, date_livraison, statut_livraison, ID_commande, ID_paiement) values (92, '2021-04-20', 1, 92, 92);
# insert into Livraison (ID_livraison, date_livraison, statut_livraison, ID_commande, ID_paiement) values (93, '2021-04-16', 1, 93, 93);
# insert into Livraison (ID_livraison, date_livraison, statut_livraison, ID_commande, ID_paiement) values (94, '2021-03-26', 1, 94, 94);
# insert into Livraison (ID_livraison, date_livraison, statut_livraison, ID_commande, ID_paiement) values (95, '2021-04-28', 0, 95, 95);
# insert into Livraison (ID_livraison, date_livraison, statut_livraison, ID_commande, ID_paiement) values (96, '2021-03-15', 0, 96, 96);
# insert into Livraison (ID_livraison, date_livraison, statut_livraison, ID_commande, ID_paiement) values (97, '2021-03-29', 0, 97, 97);
# insert into Livraison (ID_livraison, date_livraison, statut_livraison, ID_commande, ID_paiement) values (98, '2021-04-11', 0, 98, 98);
# insert into Livraison (ID_livraison, date_livraison, statut_livraison, ID_commande, ID_paiement) values (99, '2021-03-15', 1, 99, 99);
# insert into Livraison (ID_livraison, date_livraison, statut_livraison, ID_commande, ID_paiement) values (100, '2021-04-15', 1, 100, 100);
# select * from Livraison;
#
# # Si la date de livraison est avant le 20 Mars 2021, le statut de livraison est a true = commande deja livree
# # Sinon statut livraison est false
# UPDATE Livraison
# SET statut_livraison = CASE
#    WHEN DATE(date_livraison) < '2021-03-20' THEN 1
#    ELSE 0
# END